{
    "Modality": "MR",
    "MagneticFieldStrength": 3,
    "ImagingFrequency": 123.259,
    "Manufacturer": "Siemens",
    "ManufacturersModelName": "Prisma_fit",
    "InstitutionName": "IUGM",
    "InstitutionalDepartmentName": "Department",
    "InstitutionAddress": "Chemin Queen-Mary 4565,Montreal,District,CA,H3W 1W5",
    "DeviceSerialNumber": "167006",
    "StationName": "MRC35049",
    "BodyPartExamined": "CSPINE",
    "PatientPosition": "HFS",
    "ProcedureStepDescription": "EvaAlonsoOrtiz^B0_mapping",
    "SoftwareVersions": "syngo MR E11",
    "MRAcquisitionType": "2D",
    "SeriesDescription": "gre_2d_dualE_TR2s_SSreversal_phantomshim_Siemensf0",
    "ProtocolName": "gre_2d_dualE_TR2s_SSreversal_phantomshim_Siemensf0",
    "ScanningSequence": "GR",
    "SequenceVariant": "SP",
    "SequenceName": "fl2d2",
    "ImageType": [
        "ORIGINAL",
        "PRIMARY",
        "P",
        "DIS2D",
        "PHASE"
    ],
    "NonlinearGradientCorrection": true,
    "SeriesNumber": 4,
    "AcquisitionTime": "11:11:33.652500",
    "AcquisitionNumber": 1,
    "SliceThickness": 2,
    "SpacingBetweenSlices": 2,
    "SAR": 0.00712382,
    "EchoNumber": 2,
    "EchoTime": 0.00558,
    "RepetitionTime": 2,
    "FlipAngle": 25,
    "EchoTime1": 0.00338,
    "EchoTime2": 0.00558,
    "PartialFourier": 1,
    "BaseResolution": 160,
    "ShimSetting": [
        596,
        -7230,
        -9146,
        23,
        57,
        -232,
        -98,
        67
    ],
    "TxRefAmp": 261.399,
    "PhaseResolution": 1,
    "ReceiveCoilName": "HeadNeck_64",
    "ReceiveCoilActiveElements": "HC1-7;NC1,2",
    "PulseSequenceDetails": "%CustomerSeq%\\a_gre_SSreversal",
    "CoilCombinationMethod": "Adaptive Combine",
    "ConsistencyInfo": "N4_VE11C_LATEST_20160120",
    "MatrixCoilMode": "SENSE",
    "PercentPhaseFOV": 70,
    "PercentSampling": 100,
    "EchoTrainLength": 2,
    "PhaseEncodingSteps": 112,
    "AcquisitionMatrixPE": 112,
    "ReconMatrixPE": 112,
    "PixelBandwidth": 745,
    "DwellTime": 4.2e-06,
    "PhaseEncodingDirection": "j-",
    "SliceTiming": [
        1,
        0,
        1.02344,
        0.02344,
        1.05469,
        0.05469,
        1.07812,
        0.07812,
        1.10938,
        0.10938,
        1.14062,
        0.14062,
        1.17188,
        0.17188,
        1.19531,
        0.19531,
        1.22656,
        0.22656,
        1.25,
        0.25,
        1.28125,
        0.28125,
        1.3125,
        0.3125,
        1.33594,
        0.33594,
        1.36719,
        0.36719,
        1.39844,
        0.39844,
        1.42188,
        0.42188,
        1.45312,
        0.45312,
        1.48438,
        0.48438,
        1.50781,
        0.50781,
        1.53906,
        0.53906,
        1.57031,
        0.57031,
        1.59375,
        0.59375,
        1.625,
        0.625,
        1.65625,
        0.65625,
        1.67969,
        0.67969,
        1.71094,
        0.71094,
        1.74219,
        0.74219,
        1.76562,
        0.76562,
        1.79688,
        0.79688,
        1.82031,
        0.82031,
        1.85156,
        0.85156,
        1.88281,
        0.88281,
        1.91406,
        0.91406,
        1.9375,
        0.9375,
        1.96875,
        0.96875
    ],
    "ImageOrientationPatientDICOM": [
        1,
        0,
        0,
        0,
        1,
        0
    ],
    "ImageOrientationText": "Tra",
    "InPlanePhaseEncodingDirectionDICOM": "COL",
    "ConversionSoftware": "dcm2niix",
    "ConversionSoftwareVersion": "v1.0.20220720",
    "Dcm2bidsVersion": "2.1.4"
}