{
    "Modality": "MR",
    "MagneticFieldStrength": 3,
    "ImagingFrequency": 123.259,
    "Manufacturer": "Siemens",
    "ManufacturersModelName": "Prisma_fit",
    "InstitutionName": "IUGM",
    "InstitutionalDepartmentName": "Department",
    "InstitutionAddress": "Chemin Queen-Mary 4565,Montreal,District,CA,H3W 1W5",
    "DeviceSerialNumber": "167006",
    "StationName": "MRC35049",
    "BodyPartExamined": "CSPINE",
    "PatientPosition": "HFS",
    "ProcedureStepDescription": "EvaAlonsoOrtiz^B0_mapping",
    "SoftwareVersions": "syngo MR E11",
    "MRAcquisitionType": "2D",
    "SeriesDescription": "gre_2d_dualE_TR2s_SSreversal_phantomshim_Siemensf0",
    "ProtocolName": "gre_2d_dualE_TR2s_SSreversal_phantomshim_Siemensf0",
    "ScanningSequence": "GR",
    "SequenceVariant": "SP",
    "SequenceName": "fl2d2",
    "ImageType": [
        "ORIGINAL",
        "PRIMARY",
        "M",
        "DIS2D"
    ],
    "NonlinearGradientCorrection": true,
    "SeriesNumber": 3,
    "AcquisitionTime": "11:11:33.650000",
    "AcquisitionNumber": 1,
    "SliceThickness": 2,
    "SpacingBetweenSlices": 2,
    "SAR": 0.00712382,
    "EchoNumber": 1,
    "EchoTime": 0.00338,
    "RepetitionTime": 2,
    "FlipAngle": 25,
    "PartialFourier": 1,
    "BaseResolution": 160,
    "ShimSetting": [
        596,
        -7230,
        -9146,
        23,
        57,
        -232,
        -98,
        67
    ],
    "TxRefAmp": 261.399,
    "PhaseResolution": 1,
    "ReceiveCoilName": "HeadNeck_64",
    "ReceiveCoilActiveElements": "HC1-7;NC1,2",
    "PulseSequenceDetails": "%CustomerSeq%\\a_gre_SSreversal",
    "CoilCombinationMethod": "Adaptive Combine",
    "ConsistencyInfo": "N4_VE11C_LATEST_20160120",
    "MatrixCoilMode": "SENSE",
    "PercentPhaseFOV": 70,
    "PercentSampling": 100,
    "EchoTrainLength": 2,
    "PhaseEncodingSteps": 112,
    "AcquisitionMatrixPE": 112,
    "ReconMatrixPE": 112,
    "PixelBandwidth": 745,
    "DwellTime": 4.2e-06,
    "PhaseEncodingDirection": "j-",
    "SliceTiming": [
        1,
        0,
        1.03125,
        0.03125,
        1.0625,
        0.0625,
        1.08594,
        0.08594,
        1.11719,
        0.11719,
        1.14062,
        0.14062,
        1.17188,
        0.17188,
        1.20312,
        0.20312,
        1.22656,
        0.23438,
        1.25781,
        0.25781,
        1.28906,
        0.28906,
        1.32031,
        0.32031,
        1.34375,
        0.34375,
        1.375,
        0.375,
        1.39844,
        0.39844,
        1.42969,
        0.42969,
        1.46094,
        0.46094,
        1.48438,
        0.48438,
        1.51562,
        0.51562,
        1.54688,
        0.54688,
        1.57031,
        0.57031,
        1.60156,
        0.60156,
        1.63281,
        0.63281,
        1.65625,
        0.65625,
        1.6875,
        0.6875,
        1.71875,
        0.71875,
        1.74219,
        0.74219,
        1.77344,
        0.77344,
        1.80469,
        0.80469,
        1.82812,
        0.82812,
        1.85938,
        0.85938,
        1.88281,
        0.88281,
        1.91406,
        0.91406,
        1.94531,
        0.94531,
        1.97656,
        0.97656
    ],
    "ImageOrientationPatientDICOM": [
        1,
        0,
        0,
        0,
        1,
        0
    ],
    "ImageOrientationText": "Tra",
    "InPlanePhaseEncodingDirectionDICOM": "COL",
    "ConversionSoftware": "dcm2niix",
    "ConversionSoftwareVersion": "v1.0.20220720",
    "Dcm2bidsVersion": "2.1.4"
}